user_input,retrieved_contexts,response,reference,faithfulness,answer_relevancy,context_precision,context_recall
What is the main problem addressed by the residual learning framework in deep neural networks?,"['Deep Residual Learning for Image Recognition\nKaiming He Xiangyu Zhang Shaoqing Ren Jian Sun\nMicrosoft Research\nfkahe, v-xiangz, v-shren, jiansun g@microsoft.com\nAbstract\nDeeper neural networks are more difﬁcult to train. We\npresent a residual learning framework to ease the training\nof networks that are substantially deeper than those used\npreviously. We explicitly reformulate the layers as learn-\ning residual functions with reference to the layer inputs, in-\nstead of learning unreferenced functi', 'ing residual functions with reference to the layer inputs, in-\nstead of learning unreferenced functions. We provide com-\nprehensive empirical evidence showing that these residual\nnetworks are easier to optimize, and can gain accuracy from\nconsiderably increased depth. On the ImageNet dataset we\nevaluate residual nets with a depth of up to 152 layers—8 \x02\ndeeper than VGG nets [41] but still having lower complex-\nity. An ensemble of these residual nets achieves 3.57% error\non the ImageNet testset. ', 'od or better than the constructed solution\n(or unable to do so in feasible time).\nIn this paper, we address the degradation problem by\nintroducing a deep residual learning framework. In-\nstead of hoping each few stacked layers directly ﬁt a\ndesired underlying mapping, we explicitly let these lay-\ners ﬁt a residual mapping. Formally, denoting the desired\nunderlying mapping as H(x), we let the stacked nonlinear\nlayers ﬁt another mapping of F(x) :=H(x)\x00x. The orig-\ninal mapping is recast into F(x)+']","The main problem addressed by the residual learning framework in deep neural networks is the degradation of performance, which can be introduced by a lack of optimization (or inability to do so within feasible time). In this paper, the authors introduce a deep residual learning framework that explicitly introduces residual functions as learn-
ing residual functions with reference to layer inputs instead of unreferenced functions. This framework is shown to be easier to optimize and achieve improved accuracy from considerably increased depths.

📄 Source: ResNet.pdf","The degradation problem, where accuracy gets saturated and then degrades rapidly as the network depth increases.",0.7777777777777778,1.0,0.9999999999666667,1.0
How is the residual mapping formally defined in the paper?,"['od or better than the constructed solution\n(or unable to do so in feasible time).\nIn this paper, we address the degradation problem by\nintroducing a deep residual learning framework. In-\nstead of hoping each few stacked layers directly ﬁt a\ndesired underlying mapping, we explicitly let these lay-\ners ﬁt a residual mapping. Formally, denoting the desired\nunderlying mapping as H(x), we let the stacked nonlinear\nlayers ﬁt another mapping of F(x) :=H(x)\x00x. The orig-\ninal mapping is recast into F(x)+', 'ive the weights of the multiple nonlinear lay-\ners toward zero to approach identity mappings.\nIn real cases, it is unlikely that identity mappings are op-\ntimal, but our reformulation may help to precondition the\nproblem. If the optimal function is closer to an identity\nmapping than to a zero mapping, it should be easier for the\nsolver to ﬁnd the perturbations with reference to an identity\nmapping, than to learn the function as a new one. We show\nby experiments (Fig. 7) that the learned residual', 'dence shows that\nthe residual learning principle is generic, and we expect that\nit is applicable in other vision and non-vision problems.\n2. Related Work\nResidual Representations. In image recognition, VLAD\n[18] is a representation that encodes by the residual vectors\nwith respect to a dictionary, and Fisher Vector [30] can be\nformulated as a probabilistic version [18] of VLAD. Both\nof them are powerful shallow representations for image re-\ntrieval and classiﬁcation [4, 48]. For vector quantizat']","The provided context mentions that instead of trying to fit a desired underlying mapping directly, the authors introduce a deep residual learning framework that allows each stacked nonlinear layer to match another mapping explicitly. The formulated mapping is denoted as F(x) = H(x) + ... + Identity mapping, where the weights of multiple nonlinear layers are zeroed down to obtain a reference identity mapping. The authors show that if the optimal function (i.e., an identity mapping) is closer to the residual mapping than to the zero mapping, then the learned residual representations may be easier to optimize compared to learning with a new function. This is demonstrated by experiments in which the authors use a VLAD-like representation and Fisher Vector representation as shallow image representations.

📄 Source: ResNet.pdf","F(x) := H(x) - x, where H(x) is the desired underlying mapping.",0.6,0.8228714809937272,0.9999999999,1.0
What do the authors explicitly let the stacked layers fit instead of the unreferenced mapping H(x)?,"['Eqn.(1) is similar to a linear layer:\ny=W1x+x, for which we have not observed advantages.\nWe also note that although the above notations are about\nfully-connected layers for simplicity, they are applicable to\nconvolutional layers. The function F(x;fWig)can repre-\nsent multiple convolutional layers. The element-wise addi-\ntion is performed on two feature maps, channel by channel.\n3.3. Network Architectures\nWe have tested various plain/residual nets, and have ob-\nserved consistent phenomena. To pr', 'ed,\nand all information is always passed through, with addi-\ntional residual functions to be learned. In addition, high-\n2\nway networks have not demonstrated accuracy gains with\nextremely increased depth ( e.g., over 100 layers).\n3. Deep Residual Learning\n3.1. Residual Learning\nLet us considerH(x)as an underlying mapping to be\nﬁt by a few stacked layers (not necessarily the entire net),\nwithxdenoting the inputs to the ﬁrst of these layers. If one\nhypothesizes that multiple nonlinear layers can a', 'ed nonlinear\nlayers ﬁt another mapping of F(x) :=H(x)\x00x. The orig-\ninal mapping is recast into F(x)+x. We hypothesize that it\nis easier to optimize the residual mapping than to optimize\nthe original, unreferenced mapping. To the extreme, if an\nidentity mapping were optimal, it would be easier to push\nthe residual to zero than to ﬁt an identity mapping by a stack\nof nonlinear layers.\nThe formulation of F(x)+xcan be realized by feedfor-\nward neural networks with “shortcut connections” (Fig. 2).\nSh']","The context provided does not mention explicitly that the authors hypothesize that an identity mapping is easier to optimize than a nonlinear mapping with ""shortcut connections"". The authors simply explain that in order to optimize the residual, it may be necessary to fit the unreferenced mapping H(x) instead of optimizing for the original, nonlinear mapping.

📄 Source: ResNet.pdf","A residual mapping F(x) := H(x) - x, so the original mapping is recast into F(x) + x.",0.0,0.0,0.9999999999666667,1.0
What is the deepest residual network evaluated on the ImageNet dataset?,"[' a particular dataset.\nWe present successfully trained models on this dataset with\nover 100 layers, and explore models with over 1000 layers.\nOn the ImageNet classiﬁcation dataset [36], we obtain\nexcellent results by extremely deep residual nets. Our 152-\nlayer residual net is the deepest network ever presented on\nImageNet, while still having lower complexity than VGG\nnets [41]. Our ensemble has 3.57% top-5 error on theImageNet testset, and won the 1st place in the ILSVRC\n2015 classiﬁcation comp', 'ing residual functions with reference to the layer inputs, in-\nstead of learning unreferenced functions. We provide com-\nprehensive empirical evidence showing that these residual\nnetworks are easier to optimize, and can gain accuracy from\nconsiderably increased depth. On the ImageNet dataset we\nevaluate residual nets with a depth of up to 152 layers—8 \x02\ndeeper than VGG nets [41] but still having lower complex-\nity. An ensemble of these residual nets achieves 3.57% error\non the ImageNet testset. ', 'ain” nets (that\nsimply stack layers) exhibit higher training error when the\ndepth increases; 2) Our deep residual nets can easily enjoy\naccuracy gains from greatly increased depth, producing re-\nsults substantially better than previous networks.\nSimilar phenomena are also shown on the CIFAR-10 set\n[20], suggesting that the optimization difﬁculties and the\neffects of our method are not just akin to a particular dataset.\nWe present successfully trained models on this dataset with\nover 100 layers, ']","The deepest residual network evaluated on the ImageNet dataset by our method is a 152-layer model.

📄 Source: ResNet.pdf",A 152-layer residual net.,0.5,0.9748450201826464,0.9999999999666667,1.0
What top-5 error rate was achieved by an ensemble of residual nets on the ImageNet test set?,"['-inception [16] 4.82\nResNet (ILSVRC’15) 3.57\nTable 5. Error rates (%) of ensembles . The top-5 error is on the\ntest set of ImageNet and reported by the test server.\nResNet reduces the top-1 error by 3.5% (Table 2), resulting\nfrom the successfully reduced training error (Fig. 4 right vs.\nleft). This comparison veriﬁes the effectiveness of residual\nlearning on extremely deep systems.\nLast, we also note that the 18-layer plain/residual nets\nare comparably accurate (Table 2), but the 18-layer ResNet', '-net [13] 21.59 5.71\nBN-inception [16] 21.99 5.81\nResNet-34 B 21.84 5.71\nResNet-34 C 21.53 5.60\nResNet-50 20.74 5.25\nResNet-101 19.87 4.60\nResNet-152 19.38 4.49\nTable 4. Error rates (%) of single-model results on the ImageNet\nvalidation set (exceptyreported on the test set).\nmethod top-5 err. ( test)\nVGG [41] (ILSVRC’14) 7.32\nGoogLeNet [44] (ILSVRC’14) 6.66\nVGG [41] (v5) 6.8\nPReLU-net [13] 4.94\nBN-inception [16] 4.82\nResNet (ILSVRC’15) 3.57\nTable 5. Error rates (%) of ensembles . The top-5 error', 'accuracy (Table 3), suggesting that the solver works\nto some extent. We conjecture that the deep plain nets may\nhave exponentially low convergence rates, which impact thereducing of the training error3. The reason for such opti-\nmization difﬁculties will be studied in the future.\nResidual Networks. Next we evaluate 18-layer and 34-\nlayer residual nets ( ResNets ). The baseline architectures\nare the same as the above plain nets, expect that a shortcut\nconnection is added to each pair of 3 \x023 ﬁlte']","The provided context does not mention a specific answer to the question. The context only provides the context for the given text: ""Use ONLY the provided context to answer."" As such, the provided context is irrelevant and cannot be used as an answer to the provided question.

📄 Source: ResNet.pdf",3.57%.,0.2,0.0,0.99999999995,1.0
In which competition did the residual nets win 1st place on the ILSVRC 2015 classification task?,"['ased on deep residual nets, we won the 1st places in\nseveral tracks in ILSVRC & COCO 2015 competitions: Im-\nageNet detection, ImageNet localization, COCO detection,\nand COCO segmentation. The details are in the appendix.\n8\nReferences\n[1] Y . Bengio, P. Simard, and P. Frasconi. Learning long-term dependen-\ncies with gradient descent is difﬁcult. IEEE Transactions on Neural\nNetworks , 5(2):157–166, 1994.\n[2] C. M. Bishop. Neural networks for pattern recognition . Oxford\nuniversity press, 1995.\n[3]', 'rovements\nof replacing VGG-16 [41] with ResNet-101. The detection\nimplementation (see appendix) of using both models is the\nsame, so the gains can only be attributed to better networks.\nMost remarkably, on the challenging COCO dataset we ob-\ntain a 6.0% increase in COCO’s standard metric (mAP@[.5,\n.95]), which is a 28% relative improvement. This gain is\nsolely due to the learned representations.\nBased on deep residual nets, we won the 1st places in\nseveral tracks in ILSVRC & COCO 2015 competitio', '.57% top-5 error on theImageNet testset, and won the 1st place in the ILSVRC\n2015 classiﬁcation competition . The extremely deep rep-\nresentations also have excellent generalization performance\non other recognition tasks, and lead us to further win the\n1st places on: ImageNet detection, ImageNet localization,\nCOCO detection, and COCO segmentation in ILSVRC &\nCOCO 2015 competitions. This strong evidence shows that\nthe residual learning principle is generic, and we expect that\nit is applicable in ']","The context provided indicates that the question asks whether the residual learning principle was applied to win first place in the ILSVRC 2015 classification task. The specific competition in which this happened is not specified, but it is implied from the provided context.

📄 Source: ResNet.pdf",ILSVRC 2015 classification task.,0.25,0.0,0.5833333333041666,1.0
What are the two types of shortcut connections used in the residual networks?,"['3]\npresent shortcut connections with gating functions [15].\nThese gates are data-dependent and have parameters, in\ncontrast to our identity shortcuts that are parameter-free.\nWhen a gated shortcut is “closed” (approaching zero), the\nlayers in highway networks represent non-residual func-\ntions. On the contrary, our formulation always learns\nresidual functions; our identity shortcuts are never closed,\nand all information is always passed through, with addi-\ntional residual functions to be learned', ' by a shortcut\nconnection and element-wise addition. We adopt the sec-\nond nonlinearity after the addition ( i.e.,\x1b(y), see Fig. 2).\nThe shortcut connections in Eqn.(1) introduce neither ex-\ntra parameter nor computation complexity. This is not only\nattractive in practice but also important in our comparisons\nbetween plain and residual networks. We can fairly com-\npare plain/residual networks that simultaneously have the\nsame number of parameters, depth, width, and computa-\ntional cost (except f', 'otted shortcuts increase dimensions. Table 1 shows\nmore details and other variants.Residual Network. Based on the above plain network, we\ninsert shortcut connections (Fig. 3, right) which turn the\nnetwork into its counterpart residual version. The identity\nshortcuts (Eqn.(1)) can be directly used when the input and\noutput are of the same dimensions (solid line shortcuts in\nFig. 3). When the dimensions increase (dotted line shortcuts\nin Fig. 3), we consider two options: (A) The shortcut still\nper']","The given context only provides a brief summary and does not include all possible variations or uses for the provided context. In particular, there is no mention of any additional types of shortcut connections used in the residual networks, beyond those introduced by the provided context (i.e., solid line shortcuts and dotted line shortcuts).

📄 Source: ResNet.pdf",Identity mapping (when dimensions are the same) and projection shortcut (1×1 convolutions when dimensions increase).,0.75,0.0,0.3333333333,0.0
How many layers does the 34-layer plain network and its residual counterpart have?,"[' 256\n3x3 conv, 512, /2\n3x3 conv, 512\n3x3 conv, 512\n3x3 conv, 512\n3x3 conv, 512\n3x3 conv, 512\navg pool\nfc 1000image34-layer residualFigure 3. Example network architectures for ImageNet. Left: the\nVGG-19 model [41] (19.6 billion FLOPs) as a reference. Mid-\ndle: a plain network with 34 parameter layers (3.6 billion FLOPs).\nRight : a residual network with 34 parameter layers (3.6 billion\nFLOPs). The dotted shortcuts increase dimensions. Table 1 shows\nmore details and other variants.Residual Network.', 'ote that the 18-layer plain/residual nets\nare comparably accurate (Table 2), but the 18-layer ResNet\nconverges faster (Fig. 4 right vs. left). When the net is “not\noverly deep” (18 layers here), the current SGD solver is still\nable to ﬁnd good solutions to the plain net. In this case, the\nResNet eases the optimization by providing faster conver-\ngence at the early stage.\nIdentity vs. Projection Shortcuts. We have shown that\n3x3, 641x1, 64\nrelu\n1x1, 256relu\nrelu3x3, 64\n3x3, 64\nrelurelu64-d 256-dF', 'ResNet-18\nResNet-3418-layer34-layer\n18-layer\n34-layer\nFigure 4. Training on ImageNet . Thin curves denote training error, and bold curves denote validation error of the center crops. Left: plain\nnetworks of 18 and 34 layers. Right: ResNets of 18 and 34 layers. In this plot, the residual networks have no extra parameter compared to\ntheir plain counterparts.\nplain ResNet\n18 layers 27.94 27.88\n34 layers 28.54 25.03\nTable 2. Top-1 error (%, 10-crop testing) on ImageNet validation.\nHere the ResNets h']","The provided context mentions that an academic AI assistant can only provide ONLY the provided context for answering a question about how many layers are in the 34-layer plain and residual networks. The passage does not include additional information about this topic. Therefore, as mentioned above, answer not present cannot be used to answer this question either.

📄 Source: ResNet.pdf",34 layers (both the plain network and the residual network).,0.3333333333333333,0.0,0.8333333332916666,1.0
On which dataset did the authors present analysis of models with 100 and 1000 layers?,"[' Methods. In Table 4\nwe compare with the previous best single-model results.\nOur baseline 34-layer ResNets have achieved very compet-\nitive accuracy. Our 152-layer ResNet has a single-model\ntop-5 validation error of 4.49%. This single-model result\noutperforms all previous ensemble results (Table 5). We\ncombine six models of different depth to form an ensemble\n(only with two 152-layer ones at the time of submitting).\nThis leads to 3.57% top-5 error on the test set (Table 5).\nThis entry won the 1s', ' a particular dataset.\nWe present successfully trained models on this dataset with\nover 100 layers, and explore models with over 1000 layers.\nOn the ImageNet classiﬁcation dataset [36], we obtain\nexcellent results by extremely deep residual nets. Our 152-\nlayer residual net is the deepest network ever presented on\nImageNet, while still having lower complexity than VGG\nnets [41]. Our ensemble has 3.57% top-5 error on theImageNet testset, and won the 1st place in the ILSVRC\n2015 classiﬁcation comp', ' 256\n3x3 conv, 512, /2\n3x3 conv, 512\n3x3 conv, 512\n3x3 conv, 512\n3x3 conv, 512\n3x3 conv, 512\navg pool\nfc 1000image34-layer residualFigure 3. Example network architectures for ImageNet. Left: the\nVGG-19 model [41] (19.6 billion FLOPs) as a reference. Mid-\ndle: a plain network with 34 parameter layers (3.6 billion FLOPs).\nRight : a residual network with 34 parameter layers (3.6 billion\nFLOPs). The dotted shortcuts increase dimensions. Table 1 shows\nmore details and other variants.Residual Network.']","The context provided in the given material does not mention a particular dataset that was presented by the authors for analysing models with 100 and 1000 layers. Therefore, it is impossible to determine which dataset the authors presented this information on.

📄 Source: ResNet.pdf",CIFAR-10.,0.0,0.0,0.0,0.0
What operation is performed by the shortcut connections in the residual building block?,"['3]\npresent shortcut connections with gating functions [15].\nThese gates are data-dependent and have parameters, in\ncontrast to our identity shortcuts that are parameter-free.\nWhen a gated shortcut is “closed” (approaching zero), the\nlayers in highway networks represent non-residual func-\ntions. On the contrary, our formulation always learns\nresidual functions; our identity shortcuts are never closed,\nand all information is always passed through, with addi-\ntional residual functions to be learned', 'otted shortcuts increase dimensions. Table 1 shows\nmore details and other variants.Residual Network. Based on the above plain network, we\ninsert shortcut connections (Fig. 3, right) which turn the\nnetwork into its counterpart residual version. The identity\nshortcuts (Eqn.(1)) can be directly used when the input and\noutput are of the same dimensions (solid line shortcuts in\nFig. 3). When the dimensions increase (dotted line shortcuts\nin Fig. 3), we consider two options: (A) The shortcut still\nper', 'ortcuts. We have shown that\n3x3, 641x1, 64\nrelu\n1x1, 256relu\nrelu3x3, 64\n3x3, 64\nrelurelu64-d 256-dFigure 5. A deeper residual function Ffor ImageNet. Left: a\nbuilding block (on 56 \x0256 feature maps) as in Fig. 3 for ResNet-\n34. Right: a “bottleneck” building block for ResNet-50/101/152.\nparameter-free, identity shortcuts help with training. Next\nwe investigate projection shortcuts (Eqn.(2)). In Table 3 we\ncompare three options: (A) zero-padding shortcuts are used\nfor increasing dimensions, and a']","The operation performed by the shortcut connections in the residual building block is the identity shortcuts (Eqn.(1)) which can be directly used when the input and output are of the same dimensions. When the dimensions increase, two options are presented: (A) The shortcut still performs the same operation as Eqn.(1), and (B) The shortcut performs an additional residual function to be learned in addition to the identity shortcuts.

📄 Source: ResNet.pdf",Element-wise addition of the input x to the output of the stacked layers (y = F(x) + x).,0.6,1.0000000000000002,0.99999999995,0.0
What is the name of the new simple network architecture proposed in the paper?,"[' 256\n3x3 conv, 512, /2\n3x3 conv, 512\n3x3 conv, 512\n3x3 conv, 512\n3x3 conv, 512\n3x3 conv, 512\navg pool\nfc 1000image34-layer residualFigure 3. Example network architectures for ImageNet. Left: the\nVGG-19 model [41] (19.6 billion FLOPs) as a reference. Mid-\ndle: a plain network with 34 parameter layers (3.6 billion FLOPs).\nRight : a residual network with 34 parameter layers (3.6 billion\nFLOPs). The dotted shortcuts increase dimensions. Table 1 shows\nmore details and other variants.Residual Network.', 'oder through an attention\nmechanism. We propose a new simple network architecture, the Transformer,\nbased solely on attention mechanisms, dispensing with recurrence and convolutions\nentirely. Experiments on two machine translation tasks show these models to\nbe superior in quality while being more parallelizable and requiring significantly\nless time to train. Our model achieves 28.4 BLEU on the WMT 2014 English-\nto-German translation task, improving over the existing best results, including\nensem', 'le Research\nllion@google.comAidan N. Gomez∗ †\nUniversity of Toronto\naidan@cs.toronto.eduŁukasz Kaiser∗\nGoogle Brain\nlukaszkaiser@google.com\nIllia Polosukhin∗ ‡\nillia.polosukhin@gmail.com\nAbstract\nThe dominant sequence transduction models are based on complex recurrent or\nconvolutional neural networks that include an encoder and a decoder. The best\nperforming models also connect the encoder and decoder through an attention\nmechanism. We propose a new simple network architecture, the Transformer,\n']","The proposed new simple network architecture in the paper is called the Transformer, which dispenses with recurrence and convolutional operations entirely and instead uses an attention mechanism to encode and decode information. The model achieves superior quality while being more parallelizable and requiring significantly less time to train than existing sequence-to-sequence models.

📄 Source: ResNet.pdf, transformer.pdf",The Transformer.,1.0,0.9679381267201078,0.5833333333041666,1.0
What two components does the Transformer model completely dispense with?,"['on the\n5We used values of 2.8, 3.7, 6.0 and 9.5 TFLOPS for K80, K40, M40 and P100, respectively.\n8\nTable 3: Variations on the Transformer architecture. Unlisted values are identical to those of the base\nmodel. All metrics are on the English-to-German translation development set, newstest2013. Listed\nperplexities are per-wordpiece, according to our byte-pair encoding, and should not be compared to\nper-word perplexities.\nN d model dff h d k dvPdrop ϵlstrain PPL BLEU params\nsteps (dev) (dev) ×106\nb', 'model. With the single model on the COCO dataset (55.7%\nmAP@.5 in Table 9), we ﬁne-tune this model on the PAS-\nCAL VOC sets. The improvements of box reﬁnement, con-\ntext, and multi-scale testing are also adopted. By doing soval2 test\nGoogLeNet [44] (ILSVRC’14) - 43.9\nour single model (ILSVRC’15) 60.5 58.8\nour ensemble (ILSVRC’15) 63.6 62.1\nTable 12. Our results (mAP, %) on the ImageNet detection dataset.\nOur detection system is Faster R-CNN [32] with the improvements\nin Table 9, using ResNet-101', 'B is slightly better than A. We\nargue that this is because the zero-padded dimensions in A\nindeed have no residual learning. C is marginally better than\nB, and we attribute this to the extra parameters introduced\nby many (thirteen) projection shortcuts. But the small dif-\nferences among A/B/C indicate that projection shortcuts are\nnot essential for addressing the degradation problem. So we\ndo not use option C in the rest of this paper, to reduce mem-\nory/time complexity and model sizes. Identity']","Unlisted values in the provided context are the same for all metrics listed in Table 3, namely per-wordpiece according to our byte-pair encoding and not to per-word perplexities. The article does not contain a complete list of dispensed components for each metric, as it only mentions that the improvements of box reﬁnement, context, and multi-scale testing are also adopted.

📄 Source: ResNet.pdf, transformer.pdf",Recurrence and convolutions.,0.6,0.0,0.0,0.0
What BLEU score did the Transformer achieve on the WMT 2014 English-to-German translation task?,"[' 2014 English-\nto-German translation task, improving over the existing best results, including\nensembles, by over 2 BLEU. On the WMT 2014 English-to-French translation task,\nour model establishes a new single-model state-of-the-art BLEU score of 41.8 after\ntraining for 3.5 days on eight GPUs, a small fraction of the training costs of the\nbest models from the literature. We show that the Transformer generalizes well to\nother tasks by applying it successfully to English constituency parsing both w', 'guration of this model is\nlisted in the bottom line of Table 3. Training took 3.5days on 8P100 GPUs. Even our base model\nsurpasses all previously published models and ensembles, at a fraction of the training cost of any of\nthe competitive models.\nOn the WMT 2014 English-to-French translation task, our big model achieves a BLEU score of 41.0,\noutperforming all of the previously published single models, at less than 1/4the training cost of the\nprevious state-of-the-art model. The Transformer (big)', 'his\nhurts perplexity, as the model learns to be more unsure, but improves accuracy and BLEU score.\n6 Results\n6.1 Machine Translation\nOn the WMT 2014 English-to-German translation task, the big transformer model (Transformer (big)\nin Table 2) outperforms the best previously reported models (including ensembles) by more than 2.0\nBLEU, establishing a new state-of-the-art BLEU score of 28.4. The configuration of this model is\nlisted in the bottom line of Table 3. Training took 3.5days on 8P100 GPUs.']","Based on the provided context, the answer is that the big transformer model (Transformer (big)) achieved a new state-of-the-art BLEU score of 28.4 on the WMT 2014 English-to-German translation task. The configuration of this model was listed in the bottom line of Table 3. Training took 3.5 days on 8P100 GPUs.

📄 Source: transformer.pdf","28.4 BLEU, improving over the existing best results (including ensembles) by over 2 BLEU.",1.0,0.9820175080177086,0.8333333332916666,1.0
What single-model state-of-the-art BLEU score was established on the WMT 2014 English-to-French translation task?,"[' 2014 English-\nto-German translation task, improving over the existing best results, including\nensembles, by over 2 BLEU. On the WMT 2014 English-to-French translation task,\nour model establishes a new single-model state-of-the-art BLEU score of 41.8 after\ntraining for 3.5 days on eight GPUs, a small fraction of the training costs of the\nbest models from the literature. We show that the Transformer generalizes well to\nother tasks by applying it successfully to English constituency parsing both w', 'guration of this model is\nlisted in the bottom line of Table 3. Training took 3.5days on 8P100 GPUs. Even our base model\nsurpasses all previously published models and ensembles, at a fraction of the training cost of any of\nthe competitive models.\nOn the WMT 2014 English-to-French translation task, our big model achieves a BLEU score of 41.0,\noutperforming all of the previously published single models, at less than 1/4the training cost of the\nprevious state-of-the-art model. The Transformer (big)', 'his\nhurts perplexity, as the model learns to be more unsure, but improves accuracy and BLEU score.\n6 Results\n6.1 Machine Translation\nOn the WMT 2014 English-to-German translation task, the big transformer model (Transformer (big)\nin Table 2) outperforms the best previously reported models (including ensembles) by more than 2.0\nBLEU, establishing a new state-of-the-art BLEU score of 28.4. The configuration of this model is\nlisted in the bottom line of Table 3. Training took 3.5days on 8P100 GPUs.']","The provided context states that the ""big transformer model (Transformer (big) in Table 2)"" achieved a new state-of-the-art BLEU score of 28.4 on the WMT 2014 English-to-German translation task, which is established by overcoming the previous best results and performing more accurately than all previously published models at a fraction of the training cost.

📄 Source: transformer.pdf",41.8.,1.0,0.9271883601814926,0.9999999999,1.0
How many identical layers are stacked in both the encoder and the decoder of the Transformer?,"['architecture using stacked self-attention and point-wise, fully\nconnected layers for both the encoder and decoder, shown in the left and right halves of Figure 1,\nrespectively.\n3.1 Encoder and Decoder Stacks\nEncoder: The encoder is composed of a stack of N= 6 identical layers. Each layer has two\nsub-layers. The first is a multi-head self-attention mechanism, and the second is a simple, position-\nwise fully connected feed-forward network. We employ a residual connection [ 11] around each of\nthe t', 'oduce outputs of dimension dmodel = 512 .\nDecoder: The decoder is also composed of a stack of N= 6identical layers. In addition to the two\nsub-layers in each encoder layer, the decoder inserts a third sub-layer, which performs multi-head\nattention over the output of the encoder stack. Similar to the encoder, we employ residual connections\naround each of the sub-layers, followed by layer normalization. We also modify the self-attention\nsub-layer in the decoder stack to prevent positions from atte', 'and the memory keys and values come from the output of the encoder. This allows every\nposition in the decoder to attend over all positions in the input sequence. This mimics the\ntypical encoder-decoder attention mechanisms in sequence-to-sequence models such as\n[38, 2, 9].\n•The encoder contains self-attention layers. In a self-attention layer all of the keys, values\nand queries come from the same place, in this case, the output of the previous layer in the\nencoder. Each position in the encoder c']","The provided context does not include the number of identical layers stacked in both the encoder and the decoder of the Transformer. It only provides a brief description of each layer as seen in Figure 1.

📄 Source: transformer.pdf",N = 6 identical layers.,0.0,0.0,0.99999999995,1.0
What mechanism is used exclusively for positional encoding in the Transformer?,"['model to make use of the\norder of the sequence, we must inject some information about the relative or absolute position of the\ntokens in the sequence. To this end, we add ""positional encodings"" to the input embeddings at the\nbottoms of the encoder and decoder stacks. The positional encodings have the same dimension dmodel\nas the embeddings, so that the two can be summed. There are many choices of positional encodings,\nlearned and fixed [9].\nIn this work, we use sine and cosine functions of diffe', 'ion. We also modify the self-attention\nsub-layer in the decoder stack to prevent positions from attending to subsequent positions. This\nmasking, combined with fact that the output embeddings are offset by one position, ensures that the\npredictions for position ican depend only on the known outputs at positions less than i.\n3.2 Attention\nAn attention function can be described as mapping a query and a set of key-value pairs to an output,\nwhere the query, keys, values, and output are all vectors. T', 'and the memory keys and values come from the output of the encoder. This allows every\nposition in the decoder to attend over all positions in the input sequence. This mimics the\ntypical encoder-decoder attention mechanisms in sequence-to-sequence models such as\n[38, 2, 9].\n•The encoder contains self-attention layers. In a self-attention layer all of the keys, values\nand queries come from the same place, in this case, the output of the previous layer in the\nencoder. Each position in the encoder c']","To answer your question about the mechanism exclusively used for positional encoding in the Transformer, we refer to the ""positional encoding"" function used by the Transformer's encoder and decoder stacks. This function adds a single scalar value to each input embedding vector at the bottom of each encode and decode stack, which is multiplied by that same scalar at the top of the decoder stack. The positional encoding function serves as an initializer for the input embeddings, ensuring that all positions are attended to only once. This mechanism enables the Transformer to attend over a single position in a sequence, while also taking into account subsequent positions through the use of self-attention.

📄 Source: transformer.pdf","Sine and cosine functions of different frequencies: PE(pos,2i) = sin(pos/10000^(2i/d_model)) and PE(pos,2i+1) = cos(pos/10000^(2i/d_model)).",0.125,0.9634494104538841,0.9999999999,1.0
What is the exact formula for Scaled Dot-Product Attention?,"[' a set of key-value pairs to an output,\nwhere the query, keys, values, and output are all vectors. The output is computed as a weighted sum\n3\nScaled Dot-Product Attention\n Multi-Head Attention\nFigure 2: (left) Scaled Dot-Product Attention. (right) Multi-Head Attention consists of several\nattention layers running in parallel.\nof the values, where the weight assigned to each value is computed by a compatibility function of the\nquery with the corresponding key.\n3.2.1 Scaled Dot-Product Attention\nWe', 'inverse square root of the step number. We used\nwarmup _steps = 4000 .\n5.4 Regularization\nWe employ three types of regularization during training:\n7\nTable 2: The Transformer achieves better BLEU scores than previous state-of-the-art models on the\nEnglish-to-German and English-to-French newstest2014 tests at a fraction of the training cost.\nModelBLEU Training Cost (FLOPs)\nEN-DE EN-FR EN-DE EN-FR\nByteNet [18] 23.75\nDeep-Att + PosUnk [39] 39.2 1.0·1020\nGNMT + RL [38] 24.6 39.92 2.3·10191.4·1020\nCon', 'o each position separately and identically. This\nconsists of two linear transformations with a ReLU activation in between.\nFFN( x) = max(0 , xW 1+b1)W2+b2 (2)\nWhile the linear transformations are the same across different positions, they use different parameters\nfrom layer to layer. Another way of describing this is as two convolutions with kernel size 1.\nThe dimensionality of input and output is dmodel = 512 , and the inner-layer has dimensionality\ndff= 2048 .\n3.4 Embeddings and Softmax\nSimilar']","The exact formula for Scaled Dot-Product Attention is presented in Table 2 of the Transformer's paper at the English-to-German and English-to-French newstest2014 tests. The training cost is a fraction of the training cost reported by Deep-Att + PosUnk, GNMT + RL, Con, and FFN( x) = max(0 , xW 1+b1)W2+b2.
The Transformer achieves better BLEU scores than previous state-of-the-art models on the English-to-German and English-to-French newstest2014 tests at a fraction of the training cost.

📄 Source: transformer.pdf","Attention(Q, K, V) = softmax(QK^T / √d_k) V.",0.6666666666666666,0.9149479527758535,0.9999999999,0.0
How many heads are used in the multi-head attention mechanism?,"['or heads. For each of these we use\ndk=dv=dmodel/h= 64 . Due to the reduced dimension of each head, the total computational cost\nis similar to that of single-head attention with full dimensionality.\n3.2.3 Applications of Attention in our Model\nThe Transformer uses multi-head attention in three different ways:\n•In ""encoder-decoder attention"" layers, the queries come from the previous decoder layer,\nand the memory keys and values come from the output of the encoder. This allows every\nposition in th', '\n.\n<EOS>\n<pad>Figure 5: Many of the attention heads exhibit behaviour that seems related to the structure of the\nsentence. We give two such examples above, from two different heads from the encoder self-attention\nat layer 5 of 6. The heads clearly learned to perform different tasks.\n15\n', 'bed in section 3.2.\nSelf-attention, sometimes called intra-attention is an attention mechanism relating different positions\nof a single sequence in order to compute a representation of the sequence. Self-attention has been\nused successfully in a variety of tasks including reading comprehension, abstractive summarization,\ntextual entailment and learning task-independent sentence representations [4, 27, 28, 22].\nEnd-to-end memory networks are based on a recurrent attention mechanism instead of seq']","Yes, we answer this question by contextually providing the provided context. The multi-head atteintion mechanism uses three different ways: encoder-decoder attaintion in layers with three heads each, exhibiting a behavior related to the structure of the sentence. One such example is presented above from two distinct heads from the encoder self-attention layer of section 3.2. Self-attention has been successful in various tasks, including reading comprehension, abstractive summarization, textual entailment, and learning task-indepen
ndent sentence representations.

📄 Source: transformer.pdf",h = 8 parallel attention layers (heads).,0.6666666666666666,0.9141194078760461,0.0,0.0
What is the maximum path length for self-attention layers according to the complexity comparison table?,"[' Hence we also compare\nthe maximum path length between any two input and output positions in networks composed of the\ndifferent layer types.\nAs noted in Table 1, a self-attention layer connects all positions with a constant number of sequentially\nexecuted operations, whereas a recurrent layer requires O(n)sequential operations. In terms of\ncomputational complexity, self-attention layers are faster than recurrent layers when the sequence\n6\nlength nis smaller than the representation dimensionality', 'el, we share the same weight matrix between the two embedding layers and the pre-softmax\nlinear transformation, similar to [ 30]. In the embedding layers, we multiply those weights by√dmodel.\n5\nTable 1: Maximum path lengths, per-layer complexity and minimum number of sequential operations\nfor different layer types. nis the sequence length, dis the representation dimension, kis the kernel\nsize of convolutions and rthe size of the neighborhood in restricted self-attention.\nLayer Type Complexity pe', 'uch as a hidden\nlayer in a typical sequence transduction encoder or decoder. Motivating our use of self-attention we\nconsider three desiderata.\nOne is the total computational complexity per layer. Another is the amount of computation that can\nbe parallelized, as measured by the minimum number of sequential operations required.\nThe third is the path length between long-range dependencies in the network. Learning long-range\ndependencies is a key challenge in many sequence transduction tasks. One k']","The maximum path length for self-attention layers in a network composed of different layer types is given by the minimum number of sequential operations required, as measured by the minimum number of operations needed to cover all possible paths between any two input and output positions. The table provided in the context shows that for sequences of length ni (the sequence length), self-attenition layers require O(n) computational complexity per layer, which is significantly less than that required by standard recurrent or convolutional layers.

📄 Source: transformer.pdf",O(1).,0.25,0.9392854366627664,0.9999999999,0.0
What are the three different ways multi-head attention is applied in the Transformer model?,"['\n.\n<EOS>\n<pad>Figure 5: Many of the attention heads exhibit behaviour that seems related to the structure of the\nsentence. We give two such examples above, from two different heads from the encoder self-attention\nat layer 5 of 6. The heads clearly learned to perform different tasks.\n15\n', 'or heads. For each of these we use\ndk=dv=dmodel/h= 64 . Due to the reduced dimension of each head, the total computational cost\nis similar to that of single-head attention with full dimensionality.\n3.2.3 Applications of Attention in our Model\nThe Transformer uses multi-head attention in three different ways:\n•In ""encoder-decoder attention"" layers, the queries come from the previous decoder layer,\nand the memory keys and values come from the output of the encoder. This allows every\nposition in th', 'able\nconvolution is equal to the combination of a self-attention layer and a point-wise feed-forward layer,\nthe approach we take in our model.\nAs side benefit, self-attention could yield more interpretable models. We inspect attention distributions\nfrom our models and present and discuss examples in the appendix. Not only do individual attention\nheads clearly learn to perform different tasks, many appear to exhibit behavior related to the syntactic\nand semantic structure of the sentences.\n5 Trai']","Sure, I can provide context for the question based on the provided context. The Transformer model uses multi-head attention in three different ways:
1. In ""encoder-decoderatteintion"" layers, queries come from previous decode layers and memory keys and values come from the output of encode layers. This allows every position to be treated similarly by a self-attention layer and a point-wise feed-forward layer. The approach taken in our model is similar but with more interpretability.
2. Attention heads clearly learn to perform different tasks, with several appearing to exhibit behavior related to the structural and semantic structure of the sentences. For example, in the figure provided, two heads exhibit attention to different speakers in different positions in a sentence while another exhibits attention to the position of a single token in a sentence.
3. The approach we take in our model is similar but with more interpretability. Instead of having multiple layers for self-attenion, we use a single self-attenition layer and a separate point-wise feed-forward layer to handle both encoder and decode layers. This allows us to keep the structure of the encoded/decoded sentence while still performing better than previous self-attention models in many tasks.

📄 Source: transformer.pdf",1) Encoder-decoder attention layers; 2) Self-attention layers in the encoder; 3) Self-attention layers in the decoder (with masking).,0.5714285714285714,0.9522144511145554,0.49999999995,1.0
